add_id,delivery_address1,delivery_address2,delivery_city,delivery_zipcode
1,607 Trails end road,NULL,Manchestar,6042
2,25 Cliff side drive,NULL,Manchestar,6042
3,56 Concord road,NULL,Manchestar,6042
4,82 Lookout mountain drive,NULL,Manchestar,6042
5,21 Carver lane,NULL,Manchestar,6042
6,65 plymouth lane,NULL,Manchestar,6042
7,608 Trails end road,NULL,Manchestar,6042
8,26 Cliff side drive,NULL,Manchestar,6042
9,57 Concord road,NULL,Manchestar,6042
10,83 Lookout mountain drive,NULL,Manchestar,6042
11,22 Carver lane,NULL,Manchestar,6042
12,66 plymouth lane,NULL,Manchestar,6042
13,609 Trails end road,NULL,Manchestar,6042
14,27 Cliff side drive,NULL,Manchestar,6042
15,58 Concord road,NULL,Manchestar,6042
16,84 Lookout mountain drive,NULL,Manchestar,6042
17,23 Carver lane,NULL,Manchestar,6042
18,67 plymouth lane,NULL,Manchestar,6042
19,610 Trails end road,NULL,Manchestar,6042
20,28 Cliff side drive,NULL,Manchestar,6042
21,59 Concord road,NULL,Manchestar,6042
22,85 Lookout mountain drive,NULL,Manchestar,6042
23,24 Carver lane,NULL,Manchestar,6042
24,68 plymouth lane,NULL,Manchestar,6042
25,611 Trails end road,NULL,Manchestar,6042
26,29 Cliff side drive,NULL,Manchestar,6042
27,60 Concord road,NULL,Manchestar,6042
28,86 Lookout mountain drive,NULL,Manchestar,6042
29,25 Carver lane,NULL,Manchestar,6042
,69 plymouth lane,,,
,612 Trails end road,,,
,30 Cliff side drive,,,
